{
    "foreground_intensity_properties_per_channel": {
        "0": {
            "max": 2553.0,
            "mean": 104.46720886230469,
            "median": 104.0,
            "min": -277.0,
            "percentile_00_5": -73.0,
            "percentile_99_5": 292.0,
            "std": 74.68063354492188
        }
    },
    "median_relative_size_after_cropping": 1.0,
    "shapes_after_crop": [
        [
            512,
            512,
            611
        ],
        [
            512,
            512,
            602
        ],
        [
            512,
            512,
            261
        ],
        [
            512,
            512,
            270
        ],
        [
            512,
            512,
            64
        ],
        [
            512,
            512,
            834
        ],
        [
            512,
            512,
            157
        ],
        [
            512,
            512,
            61
        ],
        [
            512,
            512,
            227
        ],
        [
            512,
            512,
            77
        ],
        [
            512,
            512,
            50
        ],
        [
            512,
            512,
            80
        ],
        [
            512,
            512,
            89
        ],
        [
            512,
            512,
            92
        ],
        [
            512,
            512,
            439
        ],
        [
            512,
            512,
            75
        ],
        [
            512,
            512,
            178
        ],
        [
            512,
            512,
            97
        ],
        [
            512,
            512,
            121
        ],
        [
            512,
            512,
            129
        ],
        [
            512,
            512,
            96
        ],
        [
            512,
            512,
            38
        ],
        [
            512,
            512,
            541
        ],
        [
            512,
            512,
            107
        ],
        [
            512,
            512,
            85
        ],
        [
            512,
            512,
            103
        ],
        [
            512,
            512,
            302
        ],
        [
            512,
            512,
            723
        ],
        [
            512,
            512,
            98
        ],
        [
            512,
            512,
            131
        ],
        [
            512,
            512,
            38
        ],
        [
            512,
            512,
            117
        ],
        [
            512,
            512,
            189
        ],
        [
            512,
            512,
            423
        ],
        [
            512,
            512,
            110
        ],
        [
            512,
            512,
            98
        ],
        [
            512,
            512,
            163
        ],
        [
            512,
            512,
            97
        ],
        [
            512,
            512,
            32
        ],
        [
            512,
            512,
            90
        ],
        [
            512,
            512,
            207
        ],
        [
            512,
            512,
            52
        ],
        [
            512,
            512,
            301
        ],
        [
            512,
            512,
            172
        ],
        [
            512,
            512,
            101
        ],
        [
            512,
            512,
            62
        ],
        [
            512,
            512,
            159
        ],
        [
            512,
            512,
            142
        ],
        [
            512,
            512,
            85
        ],
        [
            512,
            512,
            670
        ],
        [
            512,
            512,
            96
        ],
        [
            512,
            512,
            68
        ],
        [
            512,
            512,
            673
        ],
        [
            512,
            512,
            553
        ],
        [
            512,
            512,
            104
        ],
        [
            512,
            512,
            101
        ],
        [
            512,
            512,
            90
        ],
        [
            512,
            512,
            80
        ],
        [
            512,
            512,
            103
        ],
        [
            512,
            512,
            738
        ],
        [
            512,
            512,
            145
        ],
        [
            512,
            512,
            29
        ],
        [
            512,
            512,
            86
        ],
        [
            512,
            512,
            527
        ],
        [
            512,
            512,
            53
        ],
        [
            512,
            512,
            103
        ],
        [
            512,
            512,
            445
        ],
        [
            512,
            512,
            285
        ],
        [
            512,
            512,
            626
        ],
        [
            512,
            512,
            90
        ],
        [
            512,
            512,
            57
        ],
        [
            512,
            512,
            612
        ],
        [
            512,
            512,
            164
        ],
        [
            512,
            512,
            145
        ],
        [
            512,
            512,
            80
        ],
        [
            512,
            512,
            90
        ],
        [
            512,
            512,
            66
        ],
        [
            512,
            512,
            88
        ],
        [
            512,
            512,
            326
        ],
        [
            512,
            512,
            124
        ],
        [
            512,
            512,
            88
        ],
        [
            512,
            512,
            151
        ],
        [
            512,
            512,
            129
        ],
        [
            512,
            512,
            94
        ],
        [
            512,
            512,
            274
        ],
        [
            512,
            512,
            87
        ],
        [
            512,
            512,
            199
        ],
        [
            512,
            512,
            49
        ],
        [
            512,
            512,
            99
        ],
        [
            512,
            512,
            55
        ],
        [
            512,
            512,
            76
        ],
        [
            512,
            512,
            735
        ],
        [
            512,
            512,
            98
        ],
        [
            512,
            512,
            787
        ],
        [
            512,
            512,
            43
        ],
        [
            512,
            512,
            314
        ],
        [
            512,
            512,
            683
        ],
        [
            512,
            512,
            85
        ],
        [
            512,
            512,
            234
        ],
        [
            512,
            512,
            105
        ]
    ],